{
  "eye": {
    "orientation": [
      0,
      0.001251368084922433,
      0,
      0.9999992847442627
    ],
    "magnitude": 0.9259259104728699,
    "position": [
      1.976839542388916,
      0,
      866.02294921875
    ]
  },
  "radius": 500,
  "type": "ORTHOGRAPHIC"
}