{
  "eye": {
    "orientation": [
      0.3693722188472748,
      0.22841568291187286,
      0.06700848788022995,
      -0.8982763290405273
    ],
    "magnitude": 0.8971912860870361,
    "position": [
      -249.67349243164062,
      481.0608825683594,
      431.5586853027344
    ]
  },
  "radius": 400,
  "type": "ORTHOGRAPHIC"
}