{
  "eye": {
    "orientation": [
      0,
      0,
      0,
      1
    ],
    "magnitude": 0.7407407164573669,
    "position": [
      -1.4769877195358276,
      114.06958770751953,
      692.8203125
    ]
  },
  "radius": 400,
  "type": "ORTHOGRAPHIC"
}