{
  "eye": {
    "orientation": [
      0.14183653891086578,
      0.7478803396224976,
      -0.19165733456611633,
      0.6195361018180847
    ],
    "magnitude": 0.5773502588272095,
    "position": [
      348.3271179199219,
      -187.55752563476562,
      -59.287086486816406
    ]
  },
  "radius": 200,
  "type": "PERSPECTIVE"
}