{
  "eye": {
    "orientation": [
      0.4352096617221832,
      -0.6011935472488403,
      0.2129671275615692,
      0.6354556083679199
    ],
    "magnitude": 0.765677273273468,
    "position": [
      -196.6315460205078,
      -363.4360656738281,
      77.45423126220703
    ]
  },
  "radius": 200,
  "type": "PERSPECTIVE"
}