{
  "eye": {
    "orientation": [
      0.1523294597864151,
      -0.3997049033641815,
      -0.25255998969078064,
      0.8678970336914062
    ],
    "magnitude": 0.3505645990371704,
    "position": [
      -308.36944580078125,
      -24.970212936401367,
      253.54405212402344
    ]
  },
  "radius": 200,
  "type": "PERSPECTIVE"
}