{
  "eye": {
    "orientation": [
      -0.08726553618907928,
      -0.19709888100624084,
      0.06739047169685364,
      0.9741639494895935
    ],
    "magnitude": 0.5773502588272095,
    "position": [
      -158.4183807373047,
      57.3795051574707,
      362.78302001953125
    ]
  },
  "radius": 200,
  "type": "PERSPECTIVE"
}