{
  "eye": {
    "orientation": [
      0,
      0,
      1,
      -4.371138828673793E-8
    ],
    "magnitude": 0.1302264928817749,
    "position": [
      0,
      0,
      540
    ]
  },
  "radius": 70.32230377197266,
  "type": "ORTHOGRAPHIC"
}