{
  "eye": {
    "orientation": [
      0.38074037432670593,
      -0.0013913410948589444,
      0.9243054986000061,
      -0.026348603889346123
    ],
    "magnitude": 0.3426646292209625,
    "position": [
      225.4242401123047,
      5.655167579650879,
      227.7496795654297
    ]
  },
  "radius": 185.0388946533203,
  "type": "ORTHOGRAPHIC"
}