{
  "eye": {
    "orientation": [
      0.014615797437727451,
      0.09872182458639145,
      0.9772519469261169,
      -0.18713395297527313
    ],
    "magnitude": 0.0984070897102356,
    "position": [
      -6.844460487365723,
      103.46649169921875,
      529.9697265625
    ]
  },
  "radius": 70.32230377197266,
  "type": "ORTHOGRAPHIC"
}